{
  "assetsByChunkName": {
    "vendors~app-account~app-checkout~app-confirmation~app-order": "chunk.02f4c84ebc9f264b167a.js",
    "vendors~app-account~app-confirmation~app-order": "chunk.59ab7df591296e6fe95e.js",
    "vendors~app-account~app-checkout": "chunk.d45f2367ee5f38a756fd.js",
    "vendors~app-cart~app-checkout": "chunk.1b573d4883e2ffe1a29a.js",
    "admin": [
      "admin.8aab554329b8a756997e.js",
      "admin.8aab554329b8a756997e.js.map"
    ],
    "app-account": "chunk.b8d95bf42339386961dd.js",
    "app-checkout": "chunk.622f7a8247bc952f381f.js",
    "app-confirmation": "chunk.33a9f19137d304a05e51.js",
    "app-order": "chunk.b96ee1edf9ac692a46c0.js",
    "checkout": [
      "checkout.7b41015f8ee30ff3af20.js",
      "checkout.7b41015f8ee30ff3af20.js.map"
    ],
    "storefront": [
      "storefront.3e6c6723d4e82eb9a43d.css",
      "storefront.3b44c302c2d4f1f53dd6.js",
      "storefront.3e6c6723d4e82eb9a43d.css.map",
      "storefront.3b44c302c2d4f1f53dd6.js.map"
    ],
    "vendors~app-cart": "chunk.865e456b715322ff0c00.js"
  }
}